entity_id,type,field,current_value,current_source_type,current_source_url,verdict,verified_value,verified_as_of,source_class,source_title,source_url,table_or_section,verbatim_excerpt,primary_count,independent_secondary_count,confidence_tier,njdg_stamp_valid,anomaly_flags,notes
sat,CentralTribunal,pending_cases,420,AnnualReport,https://satweb.sat.gov.in/,REFUTE,1066,2026-03-31,AnnualReport,SEBI Annual Report 2025-26,https://www.sebi.gov.in/reports-and-statistics/publications/aug-2026/Chapter%2010.pdf,"Chapter 10, §10.3 Litigations A. Appeals in SAT; Table 10.35 'Status of Appeals before SAT' (AR 2025-26, p.156)","Table 10.35: 'Appeals Pending at the end of the year 960 1,066'; narrative: 'At the end of March 31, 2026, 1,066 appeals were pending before the Hon'ble SAT'",1,0,verified,,"42-ladder, homepage-url","stored 420 matches no primary figure; Table 10.35 gives 849 (beginning FY25), 960 (end FY2024-25) and 1,066 (end FY2025-26). Stored data_as_of 2024-12-01 has no published SAT pendency figure; closest primaries are end-FY figures. Correct value 1,066 (as on 31 Mar 2026)."
sat,CentralTribunal,filed_last_year,380,AnnualReport,https://satweb.sat.gov.in/,REFUTE,429,2025-26 (FY),AnnualReport,SEBI Annual Report 2025-26,https://www.sebi.gov.in/reports-and-statistics/publications/aug-2026/Chapter%2010.pdf,"Chapter 10, §10.3 Litigations A. Appeals in SAT; Table 10.35 'Status of Appeals before SAT' (AR 2025-26, p.156)",Table 10.35: 'Appeals filed during the year 533 429'; narrative: '429 new appeals were filed in 2025-26',1,1,verified,,homepage-url,"stored 380 matches no primary figure; SEBI AR: 533 filed FY2024-25, 429 filed FY2025-26. Livemint (6 Aug 2026) independently states 429 per the AR."
sat,CentralTribunal,disposed_last_year,345,AnnualReport,https://satweb.sat.gov.in/,REFUTE,323,2025-26 (FY),AnnualReport,SEBI Annual Report 2025-26,https://www.sebi.gov.in/reports-and-statistics/publications/aug-2026/Chapter%2010.pdf,"Chapter 10, §10.3 Litigations A. Appeals in SAT; Table 10.35 'Status of Appeals before SAT' (AR 2025-26, p.156)","narrative: 'The Hon'ble SAT disposed of 323 appeals during 2025-26' (=135 dismissed +28 remanded +47 allowed +88 modified +25 withdrawn, Table 10.35)",1,1,verified,,homepage-url,"stored 345 matches no primary figure; SEBI AR: 422 disposed FY2024-25 (308+21+23+42+28), 323 disposed FY2025-26 (135+28+47+88+25). Livemint cites dismissed=135, a SUB-FIGURE of the 323 total (flag per prompt); does not state 345."
sat,CentralTribunal,disposal_rate,0.9079,AnnualReport,https://satweb.sat.gov.in/,REFUTE,0.7529,2025-26 (FY),AnnualReport,SEBI Annual Report 2025-26,https://www.sebi.gov.in/reports-and-statistics/publications/aug-2026/Chapter%2010.pdf,"Chapter 10, §10.3 Litigations A. Appeals in SAT; Table 10.35 'Status of Appeals before SAT' (AR 2025-26, p.156)",derived: 323 disposed / 429 filed = 0.7529 (Table 10.35); AR publishes no disposal rate,1,1,partial_approaching_complete,,"homepage-url, rate-mismatch, stored-rate","stored 0.9079 == 345/380 exactly (the stored wrong filed/disposed) but != recomputed 323/429=0.7529; AR publishes no rate, so verified value is derived from Table 10.35."
sat,CentralTribunal,avg_disposal_days,365,AnnualReport,https://satweb.sat.gov.in/,UNSOURCED,,,AnnualReport,SEBI Annual Report 2025-26,https://www.sebi.gov.in/reports-and-statistics/publications/aug-2026/Chapter%2010.pdf,"Chapter 10, §10.3 Litigations A. Appeals in SAT; Table 10.35 'Status of Appeals before SAT' (AR 2025-26, p.156)",no primary contains average disposal days for SAT,0,0,UNSOURCED,,"365-day, homepage-url",no primary contains average disposal days for SAT; recommend withdraw/null. 365 also equals the anomaly '365-day' suspect.
sat,CentralTribunal,njdg_source_stamp,present,AnnualReport,https://satweb.sat.gov.in/,UNSOURCED,,,AnnualReport,SEBI Annual Report 2025-26,https://www.sebi.gov.in/reports-and-statistics/publications/aug-2026/Chapter%2010.pdf,"Chapter 10, §10.3 Litigations A. Appeals in SAT; Table 10.35 'Status of Appeals before SAT' (AR 2025-26, p.156)",NJDG stamp present in stored sources[]; no primary affirms it,0,0,UNSOURCED,FALSE,,recommend strip NJDG source: SAT is not an eCourts body; NJDG is invalid for every entity in this set (verifier_prompt.md). njdg_stamp_valid=FALSE.
aptel,CentralTribunal,njdg_source_stamp,present,,,UNSOURCED,,,,,,,,0,0,UNSOURCED,FALSE,,recommend strip NJDG source: entity aptel is not an eCourts body; NJDG is invalid for every entity in this set (verifier_prompt.md). njdg_stamp_valid=FALSE; no primary affirms an NJDG source stamp.
diac,ArbitralInstitution,njdg_source_stamp,present,,,UNSOURCED,,,,,,,,0,0,UNSOURCED,FALSE,,recommend strip NJDG source: entity diac is not an eCourts body; NJDG is invalid for every entity in this set (verifier_prompt.md). njdg_stamp_valid=FALSE; no primary affirms an NJDG source stamp.
dl_rera,RegulatoryBodyQJ,njdg_source_stamp,present,,,UNSOURCED,,,,,,,,0,0,UNSOURCED,FALSE,,recommend strip NJDG source: entity dl_rera is not an eCourts body; NJDG is invalid for every entity in this set (verifier_prompt.md). njdg_stamp_valid=FALSE; no primary affirms an NJDG source stamp.
dl_slsa,ADRBody,njdg_source_stamp,present,,,UNSOURCED,,,,,,,,0,0,UNSOURCED,FALSE,,recommend strip NJDG source: entity dl_slsa is not an eCourts body; NJDG is invalid for every entity in this set (verifier_prompt.md). njdg_stamp_valid=FALSE; no primary affirms an NJDG source stamp.
drat,CentralTribunal,njdg_source_stamp,present,,,UNSOURCED,,,,,,,,0,0,UNSOURCED,FALSE,,recommend strip NJDG source: entity drat is not an eCourts body; NJDG is invalid for every entity in this set (verifier_prompt.md). njdg_stamp_valid=FALSE; no primary affirms an NJDG source stamp.
iiac,ArbitralInstitution,njdg_source_stamp,present,,,UNSOURCED,,,,,,,,0,0,UNSOURCED,FALSE,,recommend strip NJDG source: entity iiac is not an eCourts body; NJDG is invalid for every entity in this set (verifier_prompt.md). njdg_stamp_valid=FALSE; no primary affirms an NJDG source stamp.
irdai,RegulatoryBodyQJ,njdg_source_stamp,present,,,UNSOURCED,,,,,,,,0,0,UNSOURCED,FALSE,,recommend strip NJDG source: entity irdai is not an eCourts body; NJDG is invalid for every entity in this set (verifier_prompt.md). njdg_stamp_valid=FALSE; no primary affirms an NJDG source stamp.
ka_slsa,ADRBody,njdg_source_stamp,present,,,UNSOURCED,,,,,,,,0,0,UNSOURCED,FALSE,,recommend strip NJDG source: entity ka_slsa is not an eCourts body; NJDG is invalid for every entity in this set (verifier_prompt.md). njdg_stamp_valid=FALSE; no primary affirms an NJDG source stamp.
mcia,ArbitralInstitution,njdg_source_stamp,present,,,UNSOURCED,,,,,,,,0,0,UNSOURCED,FALSE,,recommend strip NJDG source: entity mcia is not an eCourts body; NJDG is invalid for every entity in this set (verifier_prompt.md). njdg_stamp_valid=FALSE; no primary affirms an NJDG source stamp.
mh_slsa,ADRBody,njdg_source_stamp,present,,,UNSOURCED,,,,,,,,0,0,UNSOURCED,FALSE,,recommend strip NJDG source: entity mh_slsa is not an eCourts body; NJDG is invalid for every entity in this set (verifier_prompt.md). njdg_stamp_valid=FALSE; no primary affirms an NJDG source stamp.
nalsa,ADRBody,njdg_source_stamp,present,,,UNSOURCED,,,,,,,,0,0,UNSOURCED,FALSE,,recommend strip NJDG source: entity nalsa is not an eCourts body; NJDG is invalid for every entity in this set (verifier_prompt.md). njdg_stamp_valid=FALSE; no primary affirms an NJDG source stamp.
py_cdrc,ConsumerCommission,njdg_source_stamp,present,,,UNSOURCED,,,,,,,,0,0,UNSOURCED,FALSE,,recommend strip NJDG source: entity py_cdrc is not an eCourts body; NJDG is invalid for every entity in this set (verifier_prompt.md). njdg_stamp_valid=FALSE; no primary affirms an NJDG source stamp.
py_slsa,ADRBody,njdg_source_stamp,present,,,UNSOURCED,,,,,,,,0,0,UNSOURCED,FALSE,,recommend strip NJDG source: entity py_slsa is not an eCourts body; NJDG is invalid for every entity in this set (verifier_prompt.md). njdg_stamp_valid=FALSE; no primary affirms an NJDG source stamp.
sebi,RegulatoryBodyQJ,njdg_source_stamp,present,,,UNSOURCED,,,,,,,,0,0,UNSOURCED,FALSE,,recommend strip NJDG source: entity sebi is not an eCourts body; NJDG is invalid for every entity in this set (verifier_prompt.md). njdg_stamp_valid=FALSE; no primary affirms an NJDG source stamp.
tdsat,CentralTribunal,njdg_source_stamp,present,,,UNSOURCED,,,,,,,,0,0,UNSOURCED,FALSE,,recommend strip NJDG source: entity tdsat is not an eCourts body; NJDG is invalid for every entity in this set (verifier_prompt.md). njdg_stamp_valid=FALSE; no primary affirms an NJDG source stamp.
tn_rera,RegulatoryBodyQJ,njdg_source_stamp,present,,,UNSOURCED,,,,,,,,0,0,UNSOURCED,FALSE,,recommend strip NJDG source: entity tn_rera is not an eCourts body; NJDG is invalid for every entity in this set (verifier_prompt.md). njdg_stamp_valid=FALSE; no primary affirms an NJDG source stamp.
tn_slsa,ADRBody,njdg_source_stamp,present,,,UNSOURCED,,,,,,,,0,0,UNSOURCED,FALSE,,recommend strip NJDG source: entity tn_slsa is not an eCourts body; NJDG is invalid for every entity in this set (verifier_prompt.md). njdg_stamp_valid=FALSE; no primary affirms an NJDG source stamp.
trai,RegulatoryBodyQJ,njdg_source_stamp,present,,,UNSOURCED,,,,,,,,0,0,UNSOURCED,FALSE,,recommend strip NJDG source: entity trai is not an eCourts body; NJDG is invalid for every entity in this set (verifier_prompt.md). njdg_stamp_valid=FALSE; no primary affirms an NJDG source stamp.
ngt,CentralTribunal,pending_cases,5698,Tribunal_Report,https://www.greentribunal.gov.in/bench-wise-institution-disposal-and-pendency-cases-ngt-principal-bench-and-all-zonal-benches,REFUTE,5890,2026-07-31,Tribunal_Report,NGT Zone Wise Report (greentribunal.gov.in),https://www.greentribunal.gov.in/bench-wise-institution-disposal-and-pendency-cases-ngt-principal-bench-and-all-zonal-benches,"Zone Wise Report — 'Grand Total INSTITUTION, Disposal and Pendency of the cases of NGT Principal Bench & All Zonal Benches from 01/08/2025 To 31/07/2026'",'ZONE WISE Pendency as on 31/07/2026 ... Total: 5890',1,0,verified,,,"stored 5,698 (as-of 2026-04-30) not present in current primary; dashboard pendency as on 31/07/2026 = 5,890. Pendency fluctuates monthly; stored figure matches no retrievable snapshot. Correct latest value 5,890 (31 Jul 2026)."
ngt,CentralTribunal,filed_last_year,1976,Tribunal_Report,https://www.greentribunal.gov.in/bench-wise-institution-disposal-and-pendency-cases-ngt-principal-bench-and-all-zonal-benches,REFUTE,5326,2025-08-01 to 2026-07-31,Tribunal_Report,NGT Zone Wise Report (greentribunal.gov.in),https://www.greentribunal.gov.in/bench-wise-institution-disposal-and-pendency-cases-ngt-principal-bench-and-all-zonal-benches,"Zone Wise Report — 'Grand Total INSTITUTION, Disposal and Pendency of the cases of NGT Principal Bench & All Zonal Benches from 01/08/2025 To 31/07/2026'",INSTITUTION monthly rows (Aug 2025-Jul 2026) ... Total 2015+468+514+1840+489 = 5326,1,0,verified,,,"stored 1,976 matches no monthly window; 12-month institution total (01/08/2025-31/07/2026) = 5,326. Verified value is the full-window total."
ngt,CentralTribunal,disposed_last_year,1937,Tribunal_Report,https://www.greentribunal.gov.in/bench-wise-institution-disposal-and-pendency-cases-ngt-principal-bench-and-all-zonal-benches,REFUTE,3936,2025-08-01 to 2026-07-31,Tribunal_Report,NGT Zone Wise Report (greentribunal.gov.in),https://www.greentribunal.gov.in/bench-wise-institution-disposal-and-pendency-cases-ngt-principal-bench-and-all-zonal-benches,"Zone Wise Report — 'Grand Total INSTITUTION, Disposal and Pendency of the cases of NGT Principal Bench & All Zonal Benches from 01/08/2025 To 31/07/2026'",Disposal monthly rows (Aug 2025-Jul 2026) ... Total 1447+332+490+1437+230 = 3936,1,0,verified,,,"stored 1,937 matches no monthly window; 12-month disposal total (01/08/2025-31/07/2026) = 3,936."
ngt,CentralTribunal,disposal_rate,0.9813,Tribunal_Report,https://www.greentribunal.gov.in/bench-wise-institution-disposal-and-pendency-cases-ngt-principal-bench-and-all-zonal-benches,REFUTE,0.7390,2025-08-01 to 2026-07-31,Tribunal_Report,NGT Zone Wise Report (greentribunal.gov.in),https://www.greentribunal.gov.in/bench-wise-institution-disposal-and-pendency-cases-ngt-principal-bench-and-all-zonal-benches,"Zone Wise Report — 'Grand Total INSTITUTION, Disposal and Pendency of the cases of NGT Principal Bench & All Zonal Benches from 01/08/2025 To 31/07/2026'",derived: 3936 disposed / 5326 instituted = 0.7390,1,0,partial_approaching_complete,,"rate-mismatch, stored-rate",stored 0.9813 != recomputed from primary 3936/5326=0.7390; AR publishes no rate so verified value derived from dashboard totals.; stored rate 0.9813 != recomputed 1937/1976=0.9803
ngt,CentralTribunal,njdg_source_stamp,present,,,UNSOURCED,,,,,,,,0,0,UNSOURCED,FALSE,,recommend strip NJDG source: NGT is not an eCourts body; NJDG invalid for every entity in this set. njdg_stamp_valid=FALSE.
aft,CentralTribunal,pending_cases,48000,Tribunal_Report,https://aftdelhi.nic.in/,REFUTE,1844,2024-12-31,Parliamentary_Answer,"RS USQ 4152 (Ministry of Defence, 30.03.2026)",https://sansad.in/getFile/annex/270/AU4152_7qPrJE.pdf?source=pqars,"Rajya Sabha Unstarred Question 4152 (Ministry of Defence, answered 30.03.2026), table 'Year Registered Disposed Pending'","'2024 9837 7993 1844' and '2025 7921 5126 2795' (RS USQ 4152, 30.03.2026)",1,1,verified,,"homepage-url, round-thousand","stored 48,000 matches no primary figure; end-2024 pendency = 1,844, end-2025 = 2,795 (RS USQ 4152). Rediff (30 Mar 2026) secondary also reports AFT pendency trends. Verified value 1,844 (end 2024, matching stored data_as_of 2024-12-01)."
aft,CentralTribunal,filed_last_year,9500,Tribunal_Report,https://aftdelhi.nic.in/,REFUTE,9837,2024 (calendar year),Parliamentary_Answer,"RS USQ 4152 (Ministry of Defence, 30.03.2026)",https://sansad.in/getFile/annex/270/AU4152_7qPrJE.pdf?source=pqars,"Rajya Sabha Unstarred Question 4152 (Ministry of Defence, answered 30.03.2026), table 'Year Registered Disposed Pending'","'2024 9837 7993 1844' and '2025 7921 5126 2795' (RS USQ 4152, 30.03.2026)",1,1,verified,,homepage-url,"stored 9,500 != primary 9,837 registered in 2024 (also 7,921 in 2025). Verified value 9,837 (2024)."
aft,CentralTribunal,disposed_last_year,7800,Tribunal_Report,https://aftdelhi.nic.in/,REFUTE,7993,2024 (calendar year),Parliamentary_Answer,"RS USQ 4152 (Ministry of Defence, 30.03.2026)",https://sansad.in/getFile/annex/270/AU4152_7qPrJE.pdf?source=pqars,"Rajya Sabha Unstarred Question 4152 (Ministry of Defence, answered 30.03.2026), table 'Year Registered Disposed Pending'","'2024 9837 7993 1844' and '2025 7921 5126 2795' (RS USQ 4152, 30.03.2026)",1,1,verified,,homepage-url,"stored 7,800 != primary 7,993 disposed in 2024 (also 5,126 in 2025). Verified value 7,993 (2024)."
aft,CentralTribunal,disposal_rate,0.8211,Tribunal_Report,https://aftdelhi.nic.in/,REFUTE,0.8126,2024 (calendar year),Parliamentary_Answer,"RS USQ 4152 (Ministry of Defence, 30.03.2026)",https://sansad.in/getFile/annex/270/AU4152_7qPrJE.pdf?source=pqars,"Rajya Sabha Unstarred Question 4152 (Ministry of Defence, answered 30.03.2026), table 'Year Registered Disposed Pending'",derived: 7993/9837 = 0.8126 (2024),1,1,partial_approaching_complete,,"homepage-url, stored-rate",stored 0.8211 == 7800/9500 (the stored wrong pair) but != recomputed 7993/9837=0.8126 from primary. AR publishes no rate; verified value derived.
aft,CentralTribunal,avg_disposal_days,1095,Tribunal_Report,https://aftdelhi.nic.in/,UNSOURCED,,,,,,,,0,0,UNSOURCED,,homepage-url,no primary contains average disposal days for AFT (RS USQ 4152 gives yearly registered/disposed/pending only). Recommend withdraw.
aft,CentralTribunal,njdg_source_stamp,absent,,,UNSOURCED,,,,,,,,0,0,UNSOURCED,TRUE,,no NJDG stamp present in stored sources (stamp absent) - njdg_stamp_valid=TRUE; no action needed.
cat,CentralTribunal,pending_cases,42000,AnnualReport,,REFUTE,69581,2026-01-31,Parliamentary_Answer,"PIB PRID 2244915 (Lok Sabha reply, 25.03.2026)",https://www.pib.gov.in/PressReleasePage.aspx?PRID=2244915,"PIB Release ID 2244915 (Lok Sabha written reply, Ministry of Personnel, 25.03.2026) — 'Table: Details of cases instituted and disposed in CAT'","'9,19,157 cases have been disposed upto 31.01.2026, leaving 69,581 cases under adjudication presently'",1,0,verified,,"42-ladder, empty-url, round-thousand","stored 42,000 is a 42-ladder value and matches no primary figure; CAT pendency under adjudication = 69,581 as on 31.01.2026 (PIB/LS). Verified value 69,581."
cat,CentralTribunal,filed_last_year,18000,AnnualReport,,REFUTE,32998,2024 (calendar year),Parliamentary_Answer,"PIB PRID 2244915 (Lok Sabha reply, 25.03.2026)",https://www.pib.gov.in/PressReleasePage.aspx?PRID=2244915,"PIB Release ID 2244915 (Lok Sabha written reply, Ministry of Personnel, 25.03.2026) — 'Table: Details of cases instituted and disposed in CAT'","'2024 32,998 35,460 108' (instituted, disposed, disposal rate %)",1,0,verified,,empty-url,"stored 18,000 != primary 32,998 instituted in 2024 (31,899 in 2025). Verified value 32,998 (2024, matching stored data_as_of 2024-12-01)."
cat,CentralTribunal,disposed_last_year,11700,AnnualReport,,REFUTE,35460,2024 (calendar year),Parliamentary_Answer,"PIB PRID 2244915 (Lok Sabha reply, 25.03.2026)",https://www.pib.gov.in/PressReleasePage.aspx?PRID=2244915,"PIB Release ID 2244915 (Lok Sabha written reply, Ministry of Personnel, 25.03.2026) — 'Table: Details of cases instituted and disposed in CAT'","'2024 32,998 35,460 108' (instituted, disposed, disposal rate %)",1,0,verified,,empty-url,"stored 11,700 != primary 35,460 disposed in 2024 (34,318 in 2025). Verified value 35,460 (2024)."
cat,CentralTribunal,disposal_rate,0.65,AnnualReport,,REFUTE,1.0746,2024 (calendar year),Parliamentary_Answer,"PIB PRID 2244915 (Lok Sabha reply, 25.03.2026)",https://www.pib.gov.in/PressReleasePage.aspx?PRID=2244915,"PIB Release ID 2244915 (Lok Sabha written reply, Ministry of Personnel, 25.03.2026) — 'Table: Details of cases instituted and disposed in CAT'",derived: 35460/32998 = 1.0746 (PIB states 108%),1,0,partial_approaching_complete,,"empty-url, stored-rate",stored 0.65 == 11700/18000 exactly (stored-rate flag) but != recomputed 35460/32998=1.0746; PIB expresses disposal rate as 108% for 2024. Verified 1.0746.
cat,CentralTribunal,avg_disposal_days,912,AnnualReport,,UNSOURCED,,,,,,,,0,0,UNSOURCED,,empty-url,no primary contains average disposal days for CAT. Recommend withdraw.
cat,CentralTribunal,njdg_source_stamp,present,,,UNSOURCED,,,,,,,,0,0,UNSOURCED,FALSE,,recommend strip NJDG source: CAT is not an eCourts body; NJDG invalid for every entity in this set. njdg_stamp_valid=FALSE.
drt,CentralTribunal,pending_cases,195000,Tribunal_Report,https://drt.gov.in/,REFUTE,178172,2025-11-14,Parliamentary_Answer,"Rajya Sabha written reply, 02.12.2025 (DFS data; as reported by PTI)",https://www.freepressjournal.in/business/debt-recovery-tribunals-on-the-edge-178-lakh-cases-keeping-them-suspenseful,"RS written reply (MoS Corporate Affairs Harsh Malhotra), DRT pendency","'a total of 1,78,172 cases were pending as on November 14, 2025 with DRTs'",1,1,partial,,"homepage-url, round-thousand","stored 195,000 (as-of 2024-12-01) matches no published figure; RS written reply 02.12.2025 (DFS data) reports 1,78,172 pending as on 14.11.2025. Direct eparlib PDF of the answer unreachable from this environment (DNS); figure verified via PTI wire (Free Press Journal/News18/Moneylife all reprint the same answer = 1 affirmation). Verified 1,78,172 (14 Nov 2025); as-of differs from stored 2024-12-01."
drt,CentralTribunal,njdg_source_stamp,present,,,UNSOURCED,,,,,,,,0,0,UNSOURCED,FALSE,,recommend strip NJDG source: DRT is not an eCourts body; NJDG invalid for every entity in this set. njdg_stamp_valid=FALSE.
nclt,CentralTribunal,pending_cases,45000,Tribunal_Report,https://nclt.gov.in/,REFUTE,20484,2024-12-31,Parliamentary_Answer,"Lok Sabha Starred Question 222 (MCA, 17.03.2025)",https://sansad.in/getFile/loksabhaquestions/annex/184/AS222_n4MMkm.pdf?source=pqals,"LS SQ 222 statement: 'Companies Act (CA) 8,133 | IBC 12,351 | Total 20,484'","'the number of cases pending under the Companies Act and Insolvency Bankruptcy Code, 2016 (IBC), as on 31.12.2024 are as under: 8,133 12,351 20,484'",1,0,verified,,"homepage-url, round-thousand","stored 45,000 matches no primary figure; NCLT pendency as on 31.12.2024 = 20,484 (CA 8,133 + IBC 12,351) per LS SQ 222 (MCA, 17.03.2025). Verified 20,484."
nclt,CentralTribunal,filed_last_year,18000,Tribunal_Report,https://nclt.gov.in/,UNSOURCED,,,,,,,,0,0,UNSOURCED,,homepage-url,no accessible primary with NCLT total institution for 2024-25 (LS SQ 222 covers pendency only; MCA AR 2024-25 / IBBI quarterly not retrieved). Recommend withdraw.
nclt,CentralTribunal,disposed_last_year,14000,Tribunal_Report,https://nclt.gov.in/,UNSOURCED,,,,,,,,0,0,UNSOURCED,,homepage-url,no accessible primary with NCLT total disposal for 2024-25. Recommend withdraw.
nclt,CentralTribunal,disposal_rate,0.7778,Tribunal_Report,https://nclt.gov.in/,UNSOURCED,,,,,,,,0,0,UNSOURCED,,"homepage-url, stored-rate",stored 0.7778 == 14000/18000 (stored-rate flag) but both numerator and denominator unverified. No primary found. Recommend withdraw.
nclt,CentralTribunal,avg_disposal_days,547,Tribunal_Report,https://nclt.gov.in/,UNSOURCED,,,,,,,,0,0,UNSOURCED,,homepage-url,no primary contains average disposal days for NCLT. Recommend withdraw.
nclt,CentralTribunal,njdg_source_stamp,present,,,UNSOURCED,,,,,,,,0,0,UNSOURCED,FALSE,,recommend strip NJDG source: NCLT is not an eCourts body; NJDG invalid for every entity in this set. njdg_stamp_valid=FALSE.
itat,CentralTribunal,filed_last_year,55000,AnnualReport,,UNSOURCED,,,,,,,,0,0,UNSOURCED,,empty-url,"no accessible primary containing ITAT appeals filed for the claim period; attempted LS/RS answers on sansad.in (LS USQ 1599 of Nov 2019 reports ITAT pendency 90,082 - too old for this claim); ITAT annual report not retrieved. Recommend withdraw."
itat,CentralTribunal,disposed_last_year,39000,AnnualReport,,UNSOURCED,,,,,,,,0,0,UNSOURCED,,empty-url,no accessible primary containing ITAT appeals disposed for the claim period. Recommend withdraw.
itat,CentralTribunal,disposal_rate,0.7091,AnnualReport,,UNSOURCED,,,,,,,,0,0,UNSOURCED,,"empty-url, stored-rate",stored 0.7091 == 39000/55000 (stored-rate flag) but both unverified; no primary found. Recommend withdraw.
itat,CentralTribunal,avg_disposal_days,1095,AnnualReport,,UNSOURCED,,,,,,,,0,0,UNSOURCED,,empty-url,no primary contains average disposal days for ITAT. Recommend withdraw.
itat,CentralTribunal,njdg_source_stamp,present,,,UNSOURCED,,,,,,,,0,0,UNSOURCED,FALSE,,recommend strip NJDG source: ITAT is not an eCourts body; NJDG invalid for every entity in this set. njdg_stamp_valid=FALSE.
cestat,CentralTribunal,pending_cases,120000,Tribunal_Report,https://cestat.gov.in/,UNSOURCED,,,,,,,,0,0,UNSOURCED,,"homepage-url, round-thousand","stored 120,000 matches no accessible primary for the claim period; LS USQ 1599 (Nov 2019) reported CESTAT pendency 77,635 (too old); no 2024-25 figure retrieved. Recommend withdraw."
cestat,CentralTribunal,filed_last_year,22000,Tribunal_Report,https://cestat.gov.in/,UNSOURCED,,,,,,,,0,0,UNSOURCED,,homepage-url,no accessible primary containing CESTAT appeals filed for the claim period. Recommend withdraw.
cestat,CentralTribunal,disposed_last_year,18000,Tribunal_Report,https://cestat.gov.in/,UNSOURCED,,,,,,,,0,0,UNSOURCED,,homepage-url,no accessible primary containing CESTAT appeals disposed for the claim period. Recommend withdraw.
cestat,CentralTribunal,disposal_rate,0.8182,Tribunal_Report,https://cestat.gov.in/,UNSOURCED,,,,,,,,0,0,UNSOURCED,,"homepage-url, stored-rate",stored 0.8182 == 18000/22000 (stored-rate flag) but both unverified; no primary found. Recommend withdraw.
cestat,CentralTribunal,avg_disposal_days,730,Tribunal_Report,https://cestat.gov.in/,UNSOURCED,,,,,,,,0,0,UNSOURCED,,homepage-url,no primary contains average disposal days for CESTAT. Recommend withdraw.
cestat,CentralTribunal,njdg_source_stamp,present,,,UNSOURCED,,,,,,,,0,0,UNSOURCED,FALSE,,recommend strip NJDG source: CESTAT is not an eCourts body; NJDG invalid for every entity in this set. njdg_stamp_valid=FALSE.
nclat,CentralTribunal,pending_cases,4200,AnnualReport,,UNSOURCED,,,,,,,,0,0,UNSOURCED,,"42-ladder, empty-url","stored 4,200 is a 42-ladder value; no accessible primary with NCLAT pendency for the claim period (MCA AR / LS answers not retrieved; DAKSH State of Tribunals 2025 is secondary). Recommend withdraw."
nclat,CentralTribunal,filed_last_year,2800,AnnualReport,,UNSOURCED,,,,,,,,0,0,UNSOURCED,,empty-url,no accessible primary containing NCLAT appeals filed for the claim period. Recommend withdraw.
nclat,CentralTribunal,disposed_last_year,2200,AnnualReport,,UNSOURCED,,,,,,,,0,0,UNSOURCED,,empty-url,no accessible primary containing NCLAT appeals disposed for the claim period. Recommend withdraw.
nclat,CentralTribunal,disposal_rate,0.7857,AnnualReport,,UNSOURCED,,,,,,,,0,0,UNSOURCED,,"empty-url, stored-rate",stored 0.7857 == 2200/2800 (stored-rate flag) but both unverified; no primary found. Recommend withdraw.
nclat,CentralTribunal,avg_disposal_days,547,AnnualReport,,UNSOURCED,,,,,,,,0,0,UNSOURCED,,empty-url,no primary contains average disposal days for NCLAT. Recommend withdraw.
nclat,CentralTribunal,njdg_source_stamp,present,,,UNSOURCED,,,,,,,,0,0,UNSOURCED,FALSE,,recommend strip NJDG source: NCLAT is not an eCourts body; NJDG invalid for every entity in this set. njdg_stamp_valid=FALSE.
cci,RegulatoryBodyQJ,pending_cases,890,AnnualReport,,UNSOURCED,,,,,,,,0,0,UNSOURCED,,empty-url,stored 890 unverifiable: PIB/MCA release (09.02.2026) gives CY2025 registered/disposed but no pendency figure; CCI AR 2024-25 not retrieved. Recommend withdraw.
cci,RegulatoryBodyQJ,filed_last_year,580,AnnualReport,,REFUTE,203,2025 (calendar year),Parliamentary_Answer,"PIB Release 2225431 (Ministry of Corporate Affairs, 09.02.2026)",https://www.pib.gov.in/PressReleasePage.aspx?PRID=2225431,PIB text: CY2025 CCI registered matters,"'During the calendar year 2025, the Competition Commission of India registered 54 matters relating to anti-competitive practices/antitrust and received 149 merger (M&A) filings. The Commission passed final orders in 38 antitrust cases and disposed of 146 merger notices.'",1,1,verified,,empty-url,stored 580 matches no primary; CCI registered 54 antitrust + received 149 merger filings in CY2025 = 203 matters. Verified 203 (CY2025); claim period 2024-12-01 differs - recommend re-source from CCI AR for FY figures. Lokmat (secondary) reprints the same MCA release.
cci,RegulatoryBodyQJ,disposed_last_year,495,AnnualReport,,REFUTE,184,2025 (calendar year),Parliamentary_Answer,"PIB Release 2225431 (Ministry of Corporate Affairs, 09.02.2026)",https://www.pib.gov.in/PressReleasePage.aspx?PRID=2225431,PIB text: CY2025 CCI disposed matters,"'During the calendar year 2025, the Competition Commission of India registered 54 matters relating to anti-competitive practices/antitrust and received 149 merger (M&A) filings. The Commission passed final orders in 38 antitrust cases and disposed of 146 merger notices.'",1,1,verified,,empty-url,stored 495 matches no primary; CCI passed final orders in 38 antitrust cases + disposed 146 merger notices in CY2025 = 184. Verified 184 (CY2025).
cci,RegulatoryBodyQJ,disposal_rate,0.8534,AnnualReport,,REFUTE,0.9064,2025 (calendar year),Parliamentary_Answer,"PIB Release 2225431 (Ministry of Corporate Affairs, 09.02.2026)",https://www.pib.gov.in/PressReleasePage.aspx?PRID=2225431,derived: 184 disposed / 203 received (CY2025),derived from PIB CY2025 totals,1,1,partial_approaching_complete,,"empty-url, stored-rate",stored 0.8534 == 495/580 (stored-rate flag) but != recomputed 184/203=0.9064 from PIB CY2025. Verified value derived.
cci,RegulatoryBodyQJ,avg_disposal_days,547,AnnualReport,,UNSOURCED,,,,,,,,0,0,UNSOURCED,,empty-url,no primary contains average disposal days for CCI. Recommend withdraw.
cci,RegulatoryBodyQJ,njdg_source_stamp,present,,,UNSOURCED,,,,,,,,0,0,UNSOURCED,FALSE,,recommend strip NJDG source: CCI is not an eCourts body; NJDG invalid for every entity in this set. njdg_stamp_valid=FALSE.
mh_rera,RegulatoryBodyQJ,pending_cases,42000,AnnualReport,https://maharera.maharashtra.gov.in/,UNSOURCED,,,,,,,,0,0,UNSOURCED,,"42-ladder, homepage-url, round-thousand","stored 42,000 is a 42-ladder value; no primary pendency figure retrieved. Recommend withdraw."
mh_rera,RegulatoryBodyQJ,filed_last_year,28000,AnnualReport,https://maharera.maharashtra.gov.in/,UNSOURCED,,,,,,,,0,0,UNSOURCED,,homepage-url,"stored 28,000 implausible vs MahaRERA's reported annual complaint volumes (~4-8k/yr); no primary retrieved. Recommend withdraw."
mh_rera,RegulatoryBodyQJ,disposed_last_year,24000,AnnualReport,https://maharera.maharashtra.gov.in/,UNSOURCED,,,,,,,,0,2,UNSOURCED,,homepage-url,"stored 24,000 implausible: MahaRERA year-end statement reported by HT (Dec 2025): 'resolves 6,045 complaints in 2025, disposal rate jumps to 137%'; ET Realty separately reports ~6,945 complaints resolved in a year. Both secondary (no MahaRERA AR PDF retrieved); recommend withdraw and re-source from MahaRERA annual report."
mh_rera,RegulatoryBodyQJ,disposal_rate,0.8571,AnnualReport,https://maharera.maharashtra.gov.in/,UNSOURCED,,,,,,,,0,0,UNSOURCED,,"homepage-url, stored-rate",stored 0.8571 == 24000/28000 (stored-rate flag) but both unverified; MahaRERA statement reports 137% for CY2025 (secondary). Recommend withdraw.
mh_rera,RegulatoryBodyQJ,avg_disposal_days,365,AnnualReport,https://maharera.maharashtra.gov.in/,UNSOURCED,,,,,,,,0,0,UNSOURCED,,"365-day, homepage-url",365-day anomaly flag; no primary contains average disposal days for MahaRERA. Recommend withdraw.
mh_rera,RegulatoryBodyQJ,njdg_source_stamp,present,,,UNSOURCED,,,,,,,,0,0,UNSOURCED,FALSE,,recommend strip NJDG source: MahaRERA is not an eCourts body; NJDG invalid for every entity in this set. njdg_stamp_valid=FALSE.
ka_rera,RegulatoryBodyQJ,pending_cases,18000,AnnualReport,https://rera.karnataka.gov.in/,UNSOURCED,,,,,,,,0,1,UNSOURCED,,"homepage-url, round-thousand","stored 18,000 unverifiable; no primary pendency figure retrieved. TOI (Dec 2025) secondary: 12,772 total complaints with Karnataka RERA (cumulative, not pendency). Recommend withdraw."
ka_rera,RegulatoryBodyQJ,filed_last_year,7500,AnnualReport,https://rera.karnataka.gov.in/,UNSOURCED,,,,,,,,0,0,UNSOURCED,,homepage-url,no accessible primary with K-RERA complaints filed for the claim period; K-RERA AR not retrieved. Recommend withdraw.
ka_rera,RegulatoryBodyQJ,disposed_last_year,6200,AnnualReport,https://rera.karnataka.gov.in/,UNSOURCED,,,,,,,,0,0,UNSOURCED,,homepage-url,no accessible primary with K-RERA complaints disposed. Recommend withdraw.
ka_rera,RegulatoryBodyQJ,disposal_rate,0.8267,AnnualReport,https://rera.karnataka.gov.in/,UNSOURCED,,,,,,,,0,0,UNSOURCED,,"homepage-url, stored-rate",stored 0.8267 == 6200/7500 (stored-rate flag) but both unverified. Recommend withdraw.
ka_rera,RegulatoryBodyQJ,avg_disposal_days,547,AnnualReport,https://rera.karnataka.gov.in/,UNSOURCED,,,,,,,,0,0,UNSOURCED,,homepage-url,no primary contains average disposal days for K-RERA. Recommend withdraw.
ka_rera,RegulatoryBodyQJ,njdg_source_stamp,present,,,UNSOURCED,,,,,,,,0,0,UNSOURCED,FALSE,,recommend strip NJDG source: K-RERA is not an eCourts body; NJDG invalid for every entity in this set. njdg_stamp_valid=FALSE.
merc,RegulatoryBodyQJ,pending_cases,1450,AnnualReport,https://merc.gov.in/,UNSOURCED,,,,,,,,0,0,UNSOURCED,,homepage-url,no primary retrieved containing MERC case pendency for the claim period. MERC Annual Administration Report 2024-25 downloaded (merc.gov.in) but is scanned image-only (no text layer; OCR unavailable). Recommend withdraw.
merc,RegulatoryBodyQJ,filed_last_year,620,AnnualReport,https://merc.gov.in/,UNSOURCED,,,,,,,,0,0,UNSOURCED,,homepage-url,no primary retrieved with MERC cases filed; AR 2024-25 image-only. Recommend withdraw.
merc,RegulatoryBodyQJ,disposed_last_year,540,AnnualReport,https://merc.gov.in/,UNSOURCED,,,,,,,,0,0,UNSOURCED,,homepage-url,no primary retrieved with MERC cases disposed. Recommend withdraw.
merc,RegulatoryBodyQJ,disposal_rate,0.871,AnnualReport,https://merc.gov.in/,UNSOURCED,,,,,,,,0,0,UNSOURCED,,"homepage-url, stored-rate",stored 0.871 == 540/620 (stored-rate flag) but both unverified. Recommend withdraw.
merc,RegulatoryBodyQJ,avg_disposal_days,730,AnnualReport,https://merc.gov.in/,UNSOURCED,,,,,,,,0,0,UNSOURCED,,homepage-url,no primary contains average disposal days for MERC. Recommend withdraw.
merc,RegulatoryBodyQJ,njdg_source_stamp,present,,,UNSOURCED,,,,,,,,0,0,UNSOURCED,FALSE,,recommend strip NJDG source: MERC is not an eCourts body; NJDG invalid for every entity in this set. njdg_stamp_valid=FALSE.
kerc,RegulatoryBodyQJ,pending_cases,1100,AnnualReport,https://kerc.gov.in/,UNSOURCED,,,,,,,,0,0,UNSOURCED,,homepage-url,no primary retrieved; kerc.gov.in unreachable from this environment at run time; KERC AR not retrieved. Recommend withdraw.
kerc,RegulatoryBodyQJ,filed_last_year,460,AnnualReport,https://kerc.gov.in/,UNSOURCED,,,,,,,,0,0,UNSOURCED,,homepage-url,no accessible primary with KERC petitions filed. Recommend withdraw.
kerc,RegulatoryBodyQJ,disposed_last_year,398,AnnualReport,https://kerc.gov.in/,UNSOURCED,,,,,,,,0,0,UNSOURCED,,homepage-url,no accessible primary with KERC petitions disposed. Recommend withdraw.
kerc,RegulatoryBodyQJ,disposal_rate,0.8652,AnnualReport,https://kerc.gov.in/,UNSOURCED,,,,,,,,0,0,UNSOURCED,,"homepage-url, stored-rate",stored 0.8652 == 398/460 (stored-rate flag) but both unverified. Recommend withdraw.
kerc,RegulatoryBodyQJ,avg_disposal_days,730,AnnualReport,https://kerc.gov.in/,UNSOURCED,,,,,,,,0,0,UNSOURCED,,homepage-url,no primary contains average disposal days for KERC. Recommend withdraw.
kerc,RegulatoryBodyQJ,njdg_source_stamp,present,,,UNSOURCED,,,,,,,,0,0,UNSOURCED,FALSE,,recommend strip NJDG source: KERC is not an eCourts body; NJDG invalid for every entity in this set. njdg_stamp_valid=FALSE.
derc,RegulatoryBodyQJ,pending_cases,980,AnnualReport,https://derc.gov.in/,UNSOURCED,,,,,,,,0,0,UNSOURCED,,homepage-url,no primary retrieved; DERC public AR listing ends at 2022-23 (no 2024-25 AR found). Recommend withdraw.
derc,RegulatoryBodyQJ,filed_last_year,380,AnnualReport,https://derc.gov.in/,UNSOURCED,,,,,,,,0,0,UNSOURCED,,homepage-url,no accessible primary with DERC cases filed. Recommend withdraw.
derc,RegulatoryBodyQJ,disposed_last_year,330,AnnualReport,https://derc.gov.in/,UNSOURCED,,,,,,,,0,0,UNSOURCED,,homepage-url,no accessible primary with DERC cases disposed. Recommend withdraw.
derc,RegulatoryBodyQJ,disposal_rate,0.8684,AnnualReport,https://derc.gov.in/,UNSOURCED,,,,,,,,0,0,UNSOURCED,,"homepage-url, stored-rate",stored 0.8684 == 330/380 (stored-rate flag) but both unverified. Recommend withdraw.
derc,RegulatoryBodyQJ,avg_disposal_days,730,AnnualReport,https://derc.gov.in/,UNSOURCED,,,,,,,,0,0,UNSOURCED,,homepage-url,no primary contains average disposal days for DERC. Recommend withdraw.
derc,RegulatoryBodyQJ,njdg_source_stamp,present,,,UNSOURCED,,,,,,,,0,0,UNSOURCED,FALSE,,recommend strip NJDG source: DERC is not an eCourts body; NJDG invalid for every entity in this set. njdg_stamp_valid=FALSE.
tnerc,RegulatoryBodyQJ,pending_cases,1200,AnnualReport,,UNSOURCED,,,,,,,,0,0,UNSOURCED,,empty-url,no primary retrieved; tnerc.gov.in timed out from this environment; TNERC AR not retrieved. Recommend withdraw.
tnerc,RegulatoryBodyQJ,filed_last_year,480,AnnualReport,,UNSOURCED,,,,,,,,0,0,UNSOURCED,,empty-url,no accessible primary with TNERC petitions filed. Recommend withdraw.
tnerc,RegulatoryBodyQJ,disposed_last_year,420,AnnualReport,,UNSOURCED,,,,,,,,0,0,UNSOURCED,,"42-ladder, empty-url",no accessible primary with TNERC petitions disposed. Recommend withdraw.
tnerc,RegulatoryBodyQJ,disposal_rate,0.875,AnnualReport,,UNSOURCED,,,,,,,,0,0,UNSOURCED,,"empty-url, stored-rate",stored 0.875 == 420/480 (stored-rate flag) but both unverified. Recommend withdraw.
tnerc,RegulatoryBodyQJ,avg_disposal_days,730,AnnualReport,,UNSOURCED,,,,,,,,0,0,UNSOURCED,,empty-url,no primary contains average disposal days for TNERC. Recommend withdraw.
tnerc,RegulatoryBodyQJ,njdg_source_stamp,present,,,UNSOURCED,,,,,,,,0,0,UNSOURCED,FALSE,,recommend strip NJDG source: TNERC is not an eCourts body; NJDG invalid for every entity in this set. njdg_stamp_valid=FALSE.
dl_state_cdrc,ConsumerCommission,pending_cases,24000,DoJ_Report,https://consumerhelpline.gov.in/,REFUTE,23970,2026-03-10 (since inception),Parliamentary_Answer,"RS SQ 182 (Ministry of Consumer Affairs, 10.03.2026)",https://sansad.in/getFile/annex/270/AS182_e6D66y.pdf?source=pqars,Annexure II of RS Starred Question 182 (10.03.2026) — state-wise Filed/Disposed/Pending for State Consumer Disputes Redressal Commissions (since inception),"'MAHARASHTRA 396372 310903 85469', 'DELHI 100465 76495 23970', 'KARNATAKA 261128 241168 19960', 'TAMIL NADU 84599 72154 12445'",1,0,verified,,"homepage-url, round-thousand",stored 24000 != primary Delhi SCDRC pending 23970 since-inception pendency as per RS SQ 182 (10.03.2026); stored data_as_of 2024-12-01. Yearly state-level filed/disposed not published in this answer; recommend re-source from CONFONET/e-Jagriti dashboards.
dl_state_cdrc,ConsumerCommission,filed_last_year,6200,DoJ_Report,https://consumerhelpline.gov.in/,UNSOURCED,,,,,,,,0,0,UNSOURCED,,homepage-url,"no state-level yearly primary retrieved (RS SQ 182 gives cumulative); stored 6,200 unverified. Recommend withdraw."
dl_state_cdrc,ConsumerCommission,disposed_last_year,5400,DoJ_Report,https://consumerhelpline.gov.in/,UNSOURCED,,,,,,,,0,0,UNSOURCED,,homepage-url,"no state-level yearly primary retrieved; stored 5,400 unverified. Recommend withdraw."
dl_state_cdrc,ConsumerCommission,disposal_rate,0.871,DoJ_Report,https://consumerhelpline.gov.in/,UNSOURCED,,,,,,,,0,0,UNSOURCED,,"homepage-url, stored-rate",stored 0.871 == 5400/6200 (stored-rate flag) but both unverified. Recommend withdraw.
dl_state_cdrc,ConsumerCommission,avg_disposal_days,730,DoJ_Report,https://consumerhelpline.gov.in/,UNSOURCED,,,,,,,,0,0,UNSOURCED,,homepage-url,no primary contains average disposal days for Delhi SCDRC. Recommend withdraw.
dl_state_cdrc,ConsumerCommission,njdg_source_stamp,present,,,UNSOURCED,,,,,,,,0,0,UNSOURCED,FALSE,,recommend strip NJDG source: entity is not an eCourts body; NJDG invalid for every entity in this set. njdg_stamp_valid=FALSE.
ka_state_cdrc,ConsumerCommission,pending_cases,20000,DoJ_Report,https://consumerhelpline.gov.in/,REFUTE,19960,2026-03-10 (since inception),Parliamentary_Answer,"RS SQ 182 (Ministry of Consumer Affairs, 10.03.2026)",https://sansad.in/getFile/annex/270/AS182_e6D66y.pdf?source=pqars,Annexure II of RS Starred Question 182 (10.03.2026) — state-wise Filed/Disposed/Pending for State Consumer Disputes Redressal Commissions (since inception),"'MAHARASHTRA 396372 310903 85469', 'DELHI 100465 76495 23970', 'KARNATAKA 261128 241168 19960', 'TAMIL NADU 84599 72154 12445'",1,0,verified,,"homepage-url, round-thousand",stored 20000 != primary Karnataka SCDRC pending 19960 since-inception pendency as per RS SQ 182 (10.03.2026); stored data_as_of 2024-12-01. Yearly state-level filed/disposed not published in this answer; recommend re-source from CONFONET/e-Jagriti dashboards.
ka_state_cdrc,ConsumerCommission,filed_last_year,5800,DoJ_Report,https://consumerhelpline.gov.in/,UNSOURCED,,,,,,,,0,0,UNSOURCED,,homepage-url,"no state-level yearly primary retrieved; stored 5,800 unverified. Recommend withdraw."
ka_state_cdrc,ConsumerCommission,disposed_last_year,5100,DoJ_Report,https://consumerhelpline.gov.in/,UNSOURCED,,,,,,,,0,0,UNSOURCED,,homepage-url,"no state-level yearly primary retrieved; stored 5,100 unverified. Recommend withdraw."
ka_state_cdrc,ConsumerCommission,disposal_rate,0.8793,DoJ_Report,https://consumerhelpline.gov.in/,UNSOURCED,,,,,,,,0,0,UNSOURCED,,"homepage-url, stored-rate",stored 0.8793 == 5100/5800 (stored-rate flag) but both unverified. Recommend withdraw.
ka_state_cdrc,ConsumerCommission,avg_disposal_days,547,DoJ_Report,https://consumerhelpline.gov.in/,UNSOURCED,,,,,,,,0,0,UNSOURCED,,homepage-url,no primary contains average disposal days for Karnataka SCDRC. Recommend withdraw.
ka_state_cdrc,ConsumerCommission,njdg_source_stamp,present,,,UNSOURCED,,,,,,,,0,0,UNSOURCED,FALSE,,recommend strip NJDG source: entity is not an eCourts body; NJDG invalid for every entity in this set. njdg_stamp_valid=FALSE.
mh_state_cdrc,ConsumerCommission,pending_cases,32000,DoJ_Report,https://consumerhelpline.gov.in/,REFUTE,85469,2026-03-10 (since inception),Parliamentary_Answer,"RS SQ 182 (Ministry of Consumer Affairs, 10.03.2026)",https://sansad.in/getFile/annex/270/AS182_e6D66y.pdf?source=pqars,Annexure II of RS Starred Question 182 (10.03.2026) — state-wise Filed/Disposed/Pending for State Consumer Disputes Redressal Commissions (since inception),"'MAHARASHTRA 396372 310903 85469', 'DELHI 100465 76495 23970', 'KARNATAKA 261128 241168 19960', 'TAMIL NADU 84599 72154 12445'",1,0,verified,,"homepage-url, round-thousand",stored 32000 != primary Maharashtra SCDRC pending 85469 since-inception pendency as per RS SQ 182 (10.03.2026); stored data_as_of 2024-12-01. Yearly state-level filed/disposed not published in this answer; recommend re-source from CONFONET/e-Jagriti dashboards.
mh_state_cdrc,ConsumerCommission,filed_last_year,8500,DoJ_Report,https://consumerhelpline.gov.in/,UNSOURCED,,,,,,,,0,0,UNSOURCED,,homepage-url,"no state-level yearly primary retrieved (RS SQ 182 cumulative only); stored 8,500 unverified. Recommend withdraw."
mh_state_cdrc,ConsumerCommission,disposed_last_year,7200,DoJ_Report,https://consumerhelpline.gov.in/,UNSOURCED,,,,,,,,0,0,UNSOURCED,,homepage-url,"no state-level yearly primary retrieved; stored 7,200 unverified. Recommend withdraw."
mh_state_cdrc,ConsumerCommission,disposal_rate,0.8471,DoJ_Report,https://consumerhelpline.gov.in/,UNSOURCED,,,,,,,,0,0,UNSOURCED,,"homepage-url, stored-rate",stored 0.8471 == 7200/8500 (stored-rate flag) but both unverified. Recommend withdraw.
mh_state_cdrc,ConsumerCommission,avg_disposal_days,730,DoJ_Report,https://consumerhelpline.gov.in/,UNSOURCED,,,,,,,,0,0,UNSOURCED,,homepage-url,no primary contains average disposal days for Maharashtra SCDRC. Recommend withdraw.
mh_state_cdrc,ConsumerCommission,njdg_source_stamp,present,,,UNSOURCED,,,,,,,,0,0,UNSOURCED,FALSE,,recommend strip NJDG source: entity is not an eCourts body; NJDG invalid for every entity in this set. njdg_stamp_valid=FALSE.
tn_state_cdrc,ConsumerCommission,pending_cases,28000,DoJ_Report,https://consumerhelpline.gov.in/,REFUTE,12445,2026-03-10 (since inception),Parliamentary_Answer,"RS SQ 182 (Ministry of Consumer Affairs, 10.03.2026)",https://sansad.in/getFile/annex/270/AS182_e6D66y.pdf?source=pqars,Annexure II of RS Starred Question 182 (10.03.2026) — state-wise Filed/Disposed/Pending for State Consumer Disputes Redressal Commissions (since inception),"'MAHARASHTRA 396372 310903 85469', 'DELHI 100465 76495 23970', 'KARNATAKA 261128 241168 19960', 'TAMIL NADU 84599 72154 12445'",1,0,verified,,"homepage-url, round-thousand",stored 28000 != primary Tamil Nadu SCDRC pending 12445 since-inception pendency as per RS SQ 182 (10.03.2026); stored data_as_of 2024-12-01. Yearly state-level filed/disposed not published in this answer; recommend re-source from CONFONET/e-Jagriti dashboards.
tn_state_cdrc,ConsumerCommission,njdg_source_stamp,present,,,UNSOURCED,,,,,,,,0,0,UNSOURCED,FALSE,,recommend strip NJDG source: entity is not an eCourts body; NJDG invalid for every entity in this set. njdg_stamp_valid=FALSE.
mh_cdrc_mumbai,ConsumerCommission,pending_cases,22000,DoJ_Report,https://consumerhelpline.gov.in/,UNSOURCED,,,,,,,,0,0,UNSOURCED,,"homepage-url, round-thousand",no accessible primary with Mumbai DCDRC pendency; RS SQ 182 gives state-level only. Recommend withdraw.
mh_cdrc_mumbai,ConsumerCommission,njdg_source_stamp,present,,,UNSOURCED,,,,,,,,0,0,UNSOURCED,FALSE,,recommend strip NJDG source: entity is not an eCourts body; NJDG invalid for every entity in this set. njdg_stamp_valid=FALSE.
mh_cdrc_nagpur,ConsumerCommission,pending_cases,9500,DoJ_Report,https://consumerhelpline.gov.in/,UNSOURCED,,,,,,,,0,0,UNSOURCED,,homepage-url,no accessible primary with Nagpur DCDRC pendency. Recommend withdraw.
mh_cdrc_nagpur,ConsumerCommission,njdg_source_stamp,present,,,UNSOURCED,,,,,,,,0,0,UNSOURCED,FALSE,,recommend strip NJDG source: entity is not an eCourts body; NJDG invalid for every entity in this set. njdg_stamp_valid=FALSE.
mh_cdrc_pune,ConsumerCommission,pending_cases,14000,DoJ_Report,https://consumerhelpline.gov.in/,UNSOURCED,,,,,,,,0,0,UNSOURCED,,"homepage-url, round-thousand",no accessible primary with Pune DCDRC pendency. Recommend withdraw.
mh_cdrc_pune,ConsumerCommission,njdg_source_stamp,present,,,UNSOURCED,,,,,,,,0,0,UNSOURCED,FALSE,,recommend strip NJDG source: entity is not an eCourts body; NJDG invalid for every entity in this set. njdg_stamp_valid=FALSE.
ka_cdrc_bengaluru,ConsumerCommission,pending_cases,14000,DoJ_Report,https://consumerhelpline.gov.in/,UNSOURCED,,,,,,,,0,0,UNSOURCED,,"homepage-url, round-thousand",no accessible primary with Bengaluru DCDRC pendency. Recommend withdraw.
ka_cdrc_bengaluru,ConsumerCommission,njdg_source_stamp,present,,,UNSOURCED,,,,,,,,0,0,UNSOURCED,FALSE,,recommend strip NJDG source: entity is not an eCourts body; NJDG invalid for every entity in this set. njdg_stamp_valid=FALSE.
tn_cdrc_chennai,ConsumerCommission,pending_cases,18000,DoJ_Report,https://consumerhelpline.gov.in/,UNSOURCED,,,,,,,,0,0,UNSOURCED,,"homepage-url, round-thousand",no accessible primary with Chennai DCDRC pendency. Recommend withdraw.
tn_cdrc_chennai,ConsumerCommission,njdg_source_stamp,present,,,UNSOURCED,,,,,,,,0,0,UNSOURCED,FALSE,,recommend strip NJDG source: entity is not an eCourts body; NJDG invalid for every entity in this set. njdg_stamp_valid=FALSE.
lok_adalat_generic,ADRBody,disposed_last_year,15000000,AnnualReport,https://nalsa.gov.in/,REFUTE,22383774,2024-12-14 (National Lok Adalat),GoI_Report,NALSA National Lok Adalat Report (14.12.2024),https://nalsa.gov.in/national-lok-adalat-report/,NALSA 'Disposal of National Lok Adalat held on 14.12.2024 (All Types of Cases)' — state-wise pre-litigation + pending cases,"'Grand Total 28470444 22383774 51376730398 725...' (taken up 28,470,444; disposed 22,383,774)",1,0,verified,,homepage-url,"stored 15,000,000 matches no NALSA-published figure for the claimed period (data_as_of 2024-12-01 aligns with the 14.12.2024 National Lok Adalat, whose official disposal = 22,383,774). Conflicts surfaced, not averaged: ANI/Telegraph report 1.5 cr for the 08.03.2025 NLA, but NALSA's own 08.03.2025 report shows 30,910,549 disposed (3.09 cr, matching Bar&Bench 'over 3 crore'); LatestLaws' 1.57 cr also contradicted by the primary. Stored value appears to mirror a wire-reported figure that NALSA's own report refutes. Verified 22,383,774 (14.12.2024 event)."
lok_adalat_generic,ADRBody,njdg_source_stamp,present,,,UNSOURCED,,,,,,,,0,0,UNSOURCED,FALSE,,recommend strip NJDG source: Lok Adalat is not an eCourts body; NJDG invalid for every entity in this set. njdg_stamp_valid=FALSE.
